[
  {
    "endpoint": "185.155.103.59",
    "country_code": "DE",
    "is_block": 0,
    "latitude": 51.51,
    "longitude": 7.4
  },
  {
    "endpoint": "185.155.103.59",
    "country_code": "DE",
    "is_block": 1,
    "latitude": 50.8476,
    "longitude": 4.3572
  },
  {
    "endpoint": "185.155.103.59",
    "country_code": "DE",
    "is_block": 1,
    "latitude": 49.4875,
    "longitude": 8.4660
  },
  {
    "endpoint": "185.155.103.59",
    "country_code": "DE",
    "is_block": 1,
    "latitude": 53.0793,
    "longitude": 8.8071
  },
  {
    "endpoint": "185.155.103.59",
    "country_code": "DE",
    "is_block": 1,
    "latitude": 51.4551,
    "longitude": 5.9787
  }
]
